organism/marker;rps16;rpoC1;matK;rbcL;rpl16;ITS
Aciphylla_aurea;0;0;1;1;1;3
Actinolema_eryngioides;1;0;0;0;1;0
Actinotus_helianthi;1;0;1;2;1;0
Aegopodium_podagraria;1;0;10;13;1;9
Aethusa_cynapium;2;1;5;6;1;3
Alepidea_amatymbica;1;0;0;0;0;0
Alepidea_peduncularis;2;0;1;0;1;0
Ammi_majus;4;1;3;2;2;8
Ammi_seubertianum;1;0;0;0;0;0
Ammoides_pusilla;2;0;0;0;0;5
Anethum_foeniculum;0;0;0;2;0;0
Anethum_graveolens;1;1;14;17;2;10
Angelica_archangelica;1;1;2;2;1;8
Anginon_difforme;0;0;0;1;0;0
Annesorhiza_altiscapa;3;0;0;1;1;0
Anthriscus_cerefolium;1;2;1;4;1;6
Anthriscus_sylvestris;3;1;10;18;1;19
Aphanopleura_capillifolia;0;0;0;0;0;1
Aralia_spinosa;3;1;3;2;3;0
Arctopus_echinatus;3;0;1;1;1;0
Arracacia_aegopodioides;0;0;1;1;0;3
Arracacia_longipedunculata;0;0;0;0;0;2
Arracacia_tolucensis;0;0;0;0;0;4
Asteriscium_chilense;2;0;1;1;1;0
Astrodaucus_orientalis;1;1;0;0;1;3
Athamanta_cretensis;1;1;0;2;0;2
Athamanta_turbith;0;0;0;0;0;1
Azorella_acaulis;1;0;0;1;1;0
Azorella_albovaginata;0;0;0;0;1;0
Azorella_ameghinoi;1;0;0;0;1;0
Azorella_andina;2;0;0;0;2;0
Azorella_echinus;1;0;0;0;0;0
Azorella_haastii;0;0;0;0;1;0
Azorella_nivalis;1;0;0;0;0;0
Azorella_prolifera;16;0;1;1;8;0
Azorella_trifoliolata;1;0;1;0;2;0
Bifora_radians;1;0;0;0;0;0
Bowlesia_lobata;0;0;0;0;1;0
Bowlesia_tropaeolifolia;1;0;0;0;1;0
Bupleurum_aureum;1;0;5;5;0;0
Bupleurum_boissieuanum;0;0;0;4;0;0
Bupleurum_chaishoui;0;0;0;1;0;0
Bupleurum_chinense;0;0;1;3;0;0
Bupleurum_commelynoideum;0;0;0;10;0;0
Bupleurum_dalhousieanum;0;0;0;3;0;0
Bupleurum_densiflorum;0;0;0;3;0;0
Bupleurum_exaltatum;0;0;0;2;0;0
Bupleurum_falcatum;1;0;17;15;0;0
Bupleurum_fruticosum;1;0;0;1;0;0
Bupleurum_komarovianum;0;0;0;3;0;0
Bupleurum_krylovianum;0;0;0;1;0;0
Bupleurum_longicaule;0;0;0;3;0;0
Bupleurum_longiradiatum;0;0;1;4;0;0
Bupleurum_malconense;0;0;0;3;0;0
Bupleurum_marginatum;0;0;0;2;0;0
Bupleurum_praealtum;0;0;1;1;0;0
Bupleurum_pusillum;0;0;1;0;0;0
Bupleurum_ranunculoides;1;1;0;0;1;0
Bupleurum_rotundifolium;1;0;1;2;1;0
Bupleurum_scorzonerifolium;0;0;0;1;0;0
Bupleurum_sibiricum;0;0;0;1;0;0
Bupleurum_smithii;0;0;1;3;0;0
Bupleurum_stellatum;0;0;0;1;0;0
Bupleurum_tenuissimum;0;0;2;2;0;0
Bupleurum_yinchowense;0;0;1;3;0;0
Carum_buriaticum;1;0;3;3;0;20
Carum_carvi;1;1;15;19;3;15
Centella_asiatica;3;1;19;37;2;0
Chaerophyllum_aromaticum;0;0;0;0;0;5
Chaerophyllum_aureum;1;0;0;1;0;10
Chaerophyllum_elegans;0;0;0;0;0;2
Chaerophyllum_hirsutum;0;0;0;1;0;7
Chaerophyllum_temulum;0;0;7;9;1;10
Chamaesium_paradoxum;5;0;1;1;82;0
Cicuta_virosa;8;1;9;12;1;38
Conioselinum_chinense;0;0;0;5;0;0
Conioselinum_tataricum;0;0;0;0;1;1
Conopodium_majus;1;0;4;7;0;4
Coriandrum_sativum;1;1;7;12;3;48
Crithmum_maritimum;2;1;3;5;1;3
Cryptotaenia_canadensis;5;0;11;14;0;8
Cyclorhiza_peucedanifolia;1;0;0;0;1;4
Cymbocarpum_erythraeum;1;1;0;0;0;2
Daucus_carota;15;5;25;34;2;65
Dendropanax_arboreus;3;1;13;12;5;0
Dendropanax_bolivianus;2;0;0;0;2;0
Dendropanax_caucanus;2;0;0;0;1;0
Dendropanax_cuneatus;2;0;0;0;1;0
Dendropanax_globosus;1;0;0;0;0;0
Dendropanax_gonatopodus;4;0;0;0;2;0
Dendropanax_macropodus;0;0;0;0;1;0
Dendropanax_oliganthus;2;0;0;0;0;0
Dendropanax_pallidus;1;0;0;0;0;0
Dendropanax_palustris;2;0;0;0;0;0
Dendropanax_punctatus;0;0;0;0;1;0
Dendropanax_querceti;0;0;0;3;0;0
Dendropanax_sessiliflorus;3;0;0;0;0;0
Dendropanax_umbellatus;0;0;0;0;1;0
Dethawia_splendens;0;0;0;0;0;9
Domeykoa_oppositifolia;2;0;0;0;1;0
Echinophora_chrysantha;1;1;0;0;0;1
Echinophora_tenuifolia;1;0;0;0;0;1
Elaeosticta_allioides;0;0;0;0;0;3
Elwendia_persica;1;0;0;2;0;5
Eremocharis_fruticosa;3;1;1;1;2;0
Eremodaucus_lehmannii;1;0;0;1;0;2
Erigenia_bulbosa;1;0;0;7;1;4
Eryngium_campestre;1;0;2;3;1;0
Eryngium_creticum;0;0;0;2;0;0
Eryngium_ebracteatum;1;0;3;3;0;0
Falcaria_vulgaris;1;1;0;2;1;14
Fatsia_japonica;3;1;7;13;4;0
Fatsia_oligocarpella;1;0;0;0;0;0
Fatsia_polycarpa;1;0;0;0;1;0
Ferula_assa-foetida;0;0;0;0;1;0
Ferula_glauca;1;1;0;0;0;1
Ferula_neapolitana;0;0;0;0;0;1
Ferulago_macrosciadea;0;0;0;0;0;1
Griselinia_lucida;0;0;1;1;1;0
Gymnophyton_flexuosum;2;0;0;1;0;0
Gymnophyton_isatidicarpum;1;0;0;0;1;0
Haplosphaera_phaea;1;0;0;1;1;4
Harmsiopanax_ingens;1;0;0;0;2;0
Helianthus_annuus;1;0;9;17;2;0
Helianthus_argophyllus;0;0;0;1;0;0
Helianthus_debilis;0;0;0;3;0;0
Helianthus_tuberosus;0;0;0;1;0;0
Helosciadium_nodiflorum;7;0;8;6;0;25
Heptapleurum_heptaphyllum;2;0;18;22;2;0
Heptapleurum_marlipoense;1;0;0;0;0;0
Heptapleurum_setulosum;0;0;0;3;0;0
Heptapleurum_vidalianum;0;0;0;0;1;0
Heracleum_chorodanum;0;0;0;0;0;1
Heracleum_dissectum;0;0;0;0;0;3
Heracleum_grandiflorum;0;0;0;0;0;1
Heracleum_hemsleyanum;0;0;0;0;0;4
Heracleum_pastinacifolium;1;0;0;0;0;2
Heracleum_sphondylium;3;0;4;12;1;28
Heracleum_stenopterum;0;0;0;0;0;1
Heracleum_vicinum;0;0;0;0;0;4
Hermas_villosa;1;0;0;2;1;0
Heteromorpha_arborescens;5;1;9;12;2;0
Homalocarpus_dichotomus;0;0;0;0;1;0
Hydrocotyle_vulgaris;1;0;5;6;0;0
Hymenidium_hookeri;0;0;0;0;0;24
Hymenosporum_flavum;0;0;2;2;2;0
Klotzschia_brasiliensis;1;0;0;1;1;0
Laserpitium_latifolium;1;1;2;2;0;2
Lecokia_cretica;0;1;0;0;1;3
Levisticum_officinale;1;0;2;3;0;10
Lichtensteinia_trifida;3;0;0;0;1;0
Ligusticum_scoticum;1;2;2;13;1;15
Lomatium_bicolor;14;0;0;0;0;5
Lonicera_chamissoi;0;0;0;1;0;0
Lonicera_chrysantha;1;0;1;6;0;0
Lonicera_demissa;0;0;0;1;0;0
Meum_athamanticum;1;0;1;2;0;7
Molopospermum_peloponnesiacum;1;0;0;0;0;0
Mutellina_purpurea;2;0;0;0;0;3
Myodocarpus_fraxinifolius;1;0;1;0;1;0
Neogoezia_gracilipes;1;0;0;0;0;2
Oenanthe_aquatica;1;0;2;3;0;7
Oenanthe_conioides;0;0;0;0;0;3
Oenanthe_crocata;0;0;0;2;0;0
Oenanthe_fistulosa;0;0;0;2;0;0
Oenanthe_lachenalii;0;0;0;4;0;0
Oenanthe_pimpinelloides;0;0;0;3;0;0
Opopanax_hispidus;2;1;0;0;1;5
Osmorhiza_aristata;2;0;5;10;2;15
Oxypolis_fendleri;1;0;0;0;0;13
Pachypleurum_mutellinoides;0;0;0;1;0;1
Panax_ginseng;0;0;6;0;0;0
Panax_japonicus;0;0;14;9;0;0
Panax_quinquefolius;5;2;17;21;1;0
Pastinaca_armena;3;0;0;0;1;2
Pastinaca_sativa;5;1;9;10;2;17
Pennantia_corymbosa;1;0;2;2;1;0
Perideridia_kelloggii;2;1;0;0;1;10
Petroselinum_crispum;4;0;7;9;2;16
Peucedanum_elegans;0;0;0;0;0;1
Physospermum_cornubiense;1;1;1;3;1;2
Pimpinella_anisum;1;0;2;4;1;3
Pimpinella_peregrina;0;1;0;0;1;1
Pimpinella_saxifraga;1;0;7;11;1;3
Platysace_ericoides;1;0;0;1;0;0
Platysace_lanceolata;1;0;2;1;1;0
Pleurospermopsis_sikkimensis;0;0;0;0;0;1
Pleurospermum_uralense;1;0;5;5;1;6
Pozoa_coriacea;1;0;0;1;1;0
Prangos_ferulacea;1;0;0;0;0;7
Pseudodictamnus_undulatus;0;0;1;0;0;0
Pseudopanax_chathamicus;0;0;0;1;0;0
Pseudopanax_crassifolius;1;0;0;3;2;0
Pseudopanax_ferox;0;0;0;0;1;0
Pseudopanax_lessonii;0;0;0;0;1;0
Ptilimnium_ahlesii;0;0;0;0;0;3
Ptilimnium_capillaceum;0;0;1;2;0;2
Pycnocycla_spinosa;0;0;0;0;0;1
Quintinia_verdonii;1;0;2;3;0;0
Rutheopsis_herbanica;3;3;0;0;3;3
Sanicula_canadensis;2;1;8;9;1;0
Sanicula_crassicaulis;1;0;6;6;0;0
Sanicula_epipactis;6;1;0;0;2;0
Sanicula_europaea;2;0;5;7;0;0
Sanicula_marilandica;0;0;1;0;0;0
Scaligeria_napiformis;1;0;0;0;0;2
Scandix_pecten-veneris;2;1;5;8;1;6
Scandix_stellata;2;1;0;1;0;3
Schrenkia_vaginata;0;0;0;0;0;11
Seseli_annuum;0;0;0;1;0;1
Seseli_hippomarathrum;0;0;0;0;0;1
Silaum_silaus;0;0;3;3;0;1
Silphiodaucus_prutenicus;2;2;0;0;1;3
Sinolimprichtia_alpina;2;0;1;1;2;6
Sium_latifolium;5;1;3;6;1;10
Smyrnium_olusatrum;2;1;1;3;1;9
Spananthe_paniculata;1;0;1;2;2;0
Sphallerocarpus_gracilis;0;0;2;2;0;21
Stefanoffia_daucoides;0;0;0;0;0;1
Steganotaenia_araliacea;4;0;6;7;1;0
Thapsia_villosa;1;1;1;0;0;27
Thysselinum_palustre;0;0;0;0;1;2
Tordylium_maximum;1;1;0;1;0;2
Torilis_japonica;1;0;7;17;1;27
Torricellia_tiliifolia;1;0;2;2;1;0
Trinia_glauca;0;0;3;3;0;2
Trocdaris_verticillatum;1;0;3;3;0;0
Turgenia_latifolia;2;1;0;2;1;3
Vicatia_thibetica;0;0;0;1;0;0
Xanthosia_rotundifolia;0;0;0;0;1;0
Zizia_aptera;0;0;0;1;0;0
Zizia_aurea;3;1;2;4;1;6
Zosima_orientalis;1;0;0;0;1;1
[pleurospermum]_hookeri;1;0;1;0;1;4
